{
  "LGBM tuned": 0.43284479762678757,
  "XGB tuned": 0.3634852875409946,
  "CatBoost tuned": 0.20366991483221794,
  "MLP": 4.622756190516055e-18,
  "ensemble_oof_mae": 37.53012770670183
}